Date,Time,Open,High,Low,Close
01/03/2010,17:00,1.4301,1.4337,1.4257,1.429
01/10/2010,17:00,1.4289,1.4533,1.4263,1.4498
01/17/2010,17:00,1.4499,1.4579,1.4335,1.4374
01/24/2010,17:00,1.4375,1.4414,1.403,1.4167
01/31/2010,17:00,1.4168,1.4194,1.3852,1.3881
02/07/2010,17:00,1.388,1.4025,1.3585,1.3646
02/14/2010,17:00,1.3645,1.3839,1.3531,1.3609
02/21/2010,17:00,1.361,1.3788,1.3442,1.3637
02/28/2010,17:00,1.3638,1.3691,1.345,1.3604
03/07/2010,17:00,1.3603,1.3735,1.3436,1.3677
03/14/2010,17:00,1.3678,1.3795,1.3536,1.3732
03/21/2010,17:00,1.3733,1.3817,1.3502,1.3513
03/28/2010,17:00,1.3512,1.3568,1.3266,1.344
04/04/2010,17:00,1.3441,1.359,1.3383,1.3521
04/11/2010,17:00,1.3522,1.3676,1.3281,1.3654
04/18/2010,17:00,1.3655,1.3691,1.3445,1.3462
04/25/2010,17:00,1.3461,1.3521,1.3201,1.3369
05/02/2010,17:00,1.337,1.3415,1.3113,1.3214
05/09/2010,17:00,1.3215,1.3252,1.2518,1.2945
05/16/2010,17:00,1.2944,1.3092,1.2233,1.2266
05/23/2010,17:00,1.2265,1.2671,1.2143,1.25
05/30/2010,17:00,1.2499,1.2524,1.2153,1.2318
06/06/2010,17:00,1.2317,1.2352,1.1875,1.1895
06/13/2010,17:00,1.1896,1.2207,1.189,1.2181
06/20/2010,17:00,1.218,1.2467,1.2162,1.2413
06/27/2010,17:00,1.2414,1.2466,1.2208,1.2382
07/04/2010,17:00,1.2381,1.261,1.215,1.2538
07/11/2010,17:00,1.2539,1.2728,1.2479,1.2597
07/18/2010,17:00,1.2598,1.3006,1.2522,1.2902
07/25/2010,17:00,1.2903,1.3027,1.2731,1.2929
08/01/2010,17:00,1.2928,1.3105,1.2888,1.3082
08/08/2010,17:00,1.3081,1.3333,1.3055,1.328
08/15/2010,17:00,1.3279,1.3307,1.2733,1.2777
08/22/2010,17:00,1.2778,1.2921,1.2663,1.2714
08/29/2010,17:00,1.2713,1.2778,1.2587,1.2737
09/05/2010,17:00,1.2738,1.29,1.2624,1.2893
09/12/2010,17:00,1.2894,1.2918,1.2644,1.2788
09/19/2010,17:00,1.2789,1.3159,1.2783,1.3073
09/26/2010,17:00,1.3072,1.3495,1.3028,1.3463
10/03/2010,17:00,1.3462,1.3805,1.338,1.376
10/10/2010,17:00,1.3759,1.4028,1.3636,1.3964
10/17/2010,17:00,1.3965,1.4158,1.3774,1.3881
10/24/2010,17:00,1.3882,1.4049,1.3697,1.4028
10/31/2010,17:00,1.4029,1.4079,1.3733,1.398
11/07/2010,17:00,1.3979,1.4281,1.3863,1.3953
11/14/2010,17:00,1.3952,1.3976,1.3573,1.3684
11/21/2010,17:00,1.3683,1.3767,1.3446,1.3761
11/28/2010,17:00,1.376,1.3785,1.3181,1.3224
12/05/2010,17:00,1.3225,1.3437,1.2968,1.3351
12/12/2010,17:00,1.3352,1.34,1.3163,1.3184
12/19/2010,17:00,1.3183,1.3498,1.3124,1.3153
12/26/2010,17:00,1.3154,1.3201,1.3054,1.3126
01/02/2011,17:00,1.3125,1.3423,1.3083,1.3294
01/09/2011,17:00,1.3293,1.3433,1.2874,1.2905
01/16/2011,17:00,1.2906,1.3456,1.2873,1.3336
01/23/2011,17:00,1.3335,1.3641,1.3244,1.3593
01/30/2011,17:00,1.3594,1.3757,1.3539,1.3603
02/06/2011,17:00,1.3604,1.386,1.3542,1.3609
02/13/2011,17:00,1.3608,1.3743,1.3496,1.3532
02/20/2011,17:00,1.3533,1.3715,1.3427,1.3674
02/27/2011,17:00,1.3675,1.3837,1.3524,1.3756
03/06/2011,17:00,1.3757,1.4006,1.3742,1.3974
03/13/2011,17:00,1.3973,1.4035,1.3751,1.3918
03/20/2011,17:00,1.3919,1.4195,1.3854,1.4169
03/27/2011,17:00,1.4168,1.4247,1.402,1.4052
04/03/2011,17:00,1.4051,1.4268,1.4025,1.4221
04/10/2011,17:00,1.422,1.4487,1.415,1.4458
04/17/2011,17:00,1.4459,1.4519,1.4348,1.4382
04/24/2011,17:00,1.4381,1.4648,1.4156,1.4545
05/01/2011,17:00,1.4547,1.4881,1.4492,1.479
05/08/2011,17:00,1.4791,1.4939,1.4309,1.4397
05/15/2011,17:00,1.4398,1.4441,1.4047,1.4085
05/22/2011,17:00,1.4086,1.4344,1.4077,1.4083
05/29/2011,17:00,1.4084,1.4323,1.3968,1.4288
06/05/2011,17:00,1.4287,1.4656,1.4256,1.4636
06/12/2011,17:00,1.4635,1.4695,1.432,1.4336
06/19/2011,17:00,1.4337,1.4496,1.4072,1.4253
06/26/2011,17:00,1.4252,1.4441,1.4102,1.4126
07/03/2011,17:00,1.4128,1.4577,1.4112,1.456
07/10/2011,17:00,1.4561,1.4562,1.4186,1.4193
07/17/2011,17:00,1.4194,1.4282,1.3836,1.4069
07/24/2011,17:00,1.407,1.4437,1.4013,1.4379
07/31/2011,17:00,1.4378,1.4535,1.4229,1.4385
08/07/2011,17:00,1.4384,1.4453,1.4054,1.4317
08/14/2011,17:00,1.4316,1.4401,1.4103,1.4289
08/21/2011,17:00,1.429,1.4516,1.4258,1.4366
08/28/2011,17:00,1.4367,1.4503,1.4327,1.4485
09/04/2011,17:00,1.4484,1.4548,1.4135,1.4167
09/11/2011,17:00,1.4168,1.4248,1.3554,1.3582
09/18/2011,17:00,1.3581,1.3935,1.3501,1.3666
09/25/2011,17:00,1.3665,1.3787,1.3385,1.3398
10/02/2011,17:00,1.34,1.3689,1.3318,1.3325
10/09/2011,17:00,1.3324,1.3524,1.3145,1.3458
10/16/2011,17:00,1.3459,1.3894,1.3454,1.3843
10/23/2011,17:00,1.3844,1.3914,1.3652,1.3881
10/30/2011,17:00,1.3882,1.4247,1.3797,1.4014
11/06/2011,17:00,1.4013,1.4053,1.3608,1.3774
11/13/2011,17:00,1.3775,1.3857,1.3483,1.3769
11/20/2011,17:00,1.3768,1.3773,1.3421,1.3524
11/27/2011,17:00,1.3525,1.3568,1.3212,1.3285
12/04/2011,17:00,1.3286,1.3548,1.3259,1.34048
12/11/2011,17:00,1.34051,1.34857,1.32808,1.33349
12/18/2011,17:00,1.33348,1.33566,1.29455,1.29938
12/25/2011,17:00,1.29932,1.31962,1.29874,1.30422
01/01/2012,17:00,1.3055,1.30826,1.28577,1.29573
01/08/2012,17:00,1.29324,1.30763,1.26654,1.26943
01/15/2012,17:00,1.26941,1.28776,1.26253,1.26433
01/22/2012,17:00,1.26432,1.29855,1.26322,1.28949
01/29/2012,17:00,1.28948,1.32333,1.28847,1.31766
02/05/2012,17:00,1.31767,1.32173,1.30253,1.30851
02/12/2012,17:00,1.30854,1.33203,1.30272,1.32501
02/19/2012,17:00,1.32502,1.32835,1.29736,1.32086
02/26/2012,17:00,1.32085,1.34856,1.31816,1.3449
03/04/2012,17:00,1.34489,1.34848,1.31821,1.31995
03/11/2012,17:00,1.31991,1.32904,1.30844,1.30954
03/18/2012,17:00,1.30955,1.31906,1.30033,1.31705
03/25/2012,17:00,1.31708,1.32925,1.31333,1.32648
04/01/2012,17:00,1.3265,1.33846,1.31913,1.33335
04/08/2012,17:00,1.33334,1.33796,1.30327,1.30571
04/15/2012,17:00,1.3057,1.3212,1.30083,1.30186
04/22/2012,17:00,1.30188,1.32266,1.2994,1.31914
04/29/2012,17:00,1.31915,1.32695,1.3104,1.32461
05/06/2012,17:00,1.32462,1.32829,1.29545,1.2981
05/13/2012,17:00,1.29811,1.30648,1.28786,1.28887
05/20/2012,17:00,1.28888,1.28966,1.26415,1.2794
05/27/2012,17:00,1.27941,1.2824,1.24956,1.25952
06/03/2012,17:00,1.25949,1.26238,1.22877,1.24059
06/10/2012,17:00,1.2406,1.26681,1.23947,1.26293
06/17/2012,17:00,1.26294,1.27471,1.24419,1.26966
06/24/2012,17:00,1.26967,1.27423,1.25187,1.25419
07/01/2012,17:00,1.25418,1.2692,1.24067,1.26244
07/08/2012,17:00,1.26245,1.26667,1.22556,1.22886
07/15/2012,17:00,1.22885,1.23331,1.21617,1.22394
07/22/2012,17:00,1.22393,1.23211,1.21052,1.21126
07/29/2012,17:00,1.21125,1.23891,1.20414,1.22922
08/05/2012,17:00,1.22921,1.24426,1.21332,1.23907
08/12/2012,17:00,1.23905,1.24412,1.22407,1.229
08/19/2012,17:00,1.22897,1.2385,1.22551,1.23317
08/26/2012,17:00,1.23316,1.25887,1.22946,1.2509
09/02/2012,17:00,1.25091,1.26369,1.24646,1.25731
09/09/2012,17:00,1.25732,1.28167,1.2501,1.27857
09/16/2012,17:00,1.2786,1.31682,1.27543,1.31258
09/23/2012,17:00,1.3126,1.31709,1.29186,1.29492
09/30/2012,17:00,1.29493,1.29718,1.28031,1.28199
10/07/2012,17:00,1.28202,1.30708,1.28158,1.29897
10/14/2012,17:00,1.29901,1.29932,1.28248,1.29032
10/21/2012,17:00,1.29033,1.31387,1.28957,1.30365
10/28/2012,17:00,1.30366,1.30828,1.2882,1.29315
11/04/2012,17:00,1.29314,1.30199,1.28154,1.28245
11/11/2012,17:00,1.28243,1.28756,1.26892,1.27288
11/18/2012,17:00,1.27293,1.28011,1.26608,1.27587
11/25/2012,17:00,1.27589,1.29899,1.27357,1.2958
12/02/2012,17:00,1.29585,1.30464,1.28793,1.30379
12/09/2012,17:00,1.30373,1.31259,1.28761,1.2896
12/16/2012,17:00,1.28959,1.31879,1.28852,1.31627
12/23/2012,17:00,1.31626,1.33075,1.31434,1.31838
12/30/2012,17:00,1.31839,1.32828,1.31652,1.31968
01/06/2013,17:00,1.31967,1.32987,1.29968,1.3038
01/13/2013,17:00,1.30382,1.34031,1.30162,1.3391
01/20/2013,17:00,1.33908,1.33974,1.32559,1.33216
01/27/2013,17:00,1.33218,1.34784,1.32638,1.34583
02/03/2013,17:00,1.34584,1.37102,1.34137,1.36206
02/10/2013,17:00,1.36203,1.36357,1.33526,1.3373
02/17/2013,17:00,1.33728,1.35192,1.33056,1.33303
02/24/2013,17:00,1.33304,1.34333,1.31444,1.3189
03/03/2013,17:00,1.31889,1.3318,1.29658,1.30145
03/10/2013,17:00,1.30146,1.31335,1.29545,1.30048
03/17/2013,17:00,1.30052,1.31064,1.28875,1.29105
03/24/2013,17:00,1.29106,1.30472,1.28431,1.30288
03/31/2013,17:00,1.30295,1.30473,1.27505,1.27811
04/07/2013,17:00,1.27813,1.30392,1.2745,1.29877
04/14/2013,17:00,1.29876,1.31375,1.29676,1.30764
04/21/2013,17:00,1.30765,1.32008,1.30008,1.30753
04/28/2013,17:00,1.30752,1.30926,1.29538,1.30474
05/05/2013,17:00,1.30475,1.32421,1.30323,1.31235
05/12/2013,17:00,1.31234,1.31935,1.29346,1.29663
05/19/2013,17:00,1.29664,1.30283,1.27957,1.28419
05/26/2013,17:00,1.28418,1.29973,1.28207,1.29207
06/02/2013,17:00,1.29208,1.30607,1.28372,1.30139
06/09/2013,17:00,1.3014,1.33049,1.29547,1.32006
06/16/2013,17:00,1.32007,1.33894,1.31768,1.33205
06/23/2013,17:00,1.33202,1.34162,1.30882,1.30983
06/30/2013,17:00,1.30982,1.31499,1.29842,1.30226
07/07/2013,17:00,1.30227,1.30773,1.28053,1.282
07/14/2013,17:00,1.28202,1.32053,1.27545,1.30675
07/21/2013,17:00,1.30676,1.31776,1.29927,1.31549
07/28/2013,17:00,1.31552,1.32962,1.31434,1.32828
08/04/2013,17:00,1.32827,1.3344,1.31889,1.32742
08/11/2013,17:00,1.32743,1.33995,1.32322,1.33219
08/18/2013,17:00,1.3322,1.33792,1.32051,1.3326
08/25/2013,17:00,1.33259,1.34513,1.32975,1.33819
09/01/2013,17:00,1.33818,1.3398,1.31732,1.32066
09/08/2013,17:00,1.32062,1.32265,1.3104,1.31705
09/15/2013,17:00,1.31704,1.33812,1.31661,1.33688
09/22/2013,17:00,1.33689,1.35678,1.33245,1.35255
09/29/2013,17:00,1.35256,1.35636,1.34612,1.35025
10/06/2013,17:00,1.35024,1.36453,1.3477,1.35633
10/13/2013,17:00,1.35632,1.36064,1.34852,1.35623
10/20/2013,17:00,1.35622,1.37032,1.34721,1.36735
10/27/2013,17:00,1.36736,1.38315,1.36504,1.38078
11/03/2013,17:00,1.38077,1.38165,1.34418,1.34796
11/10/2013,17:00,1.34797,1.35467,1.32948,1.3362
11/17/2013,17:00,1.33619,1.35046,1.33567,1.34892
11/24/2013,17:00,1.3489,1.3578,1.33987,1.35399
12/01/2013,17:00,1.354,1.36209,1.34895,1.36016
12/08/2013,17:00,1.36022,1.37207,1.35237,1.37065
12/15/2013,17:00,1.37064,1.38099,1.36935,1.37518
12/22/2013,17:00,1.37519,1.38109,1.36245,1.36775
12/29/2013,17:00,1.36772,1.38922,1.36542,1.37408
01/05/2014,17:00,1.37406,1.38183,1.35778,1.35818
01/12/2014,17:00,1.3582,1.36865,1.35479,1.36784
01/19/2014,17:00,1.36782,1.36986,1.35069,1.35259
01/26/2014,17:00,1.35262,1.37387,1.35156,1.36812
02/02/2014,17:00,1.36814,1.37159,1.34783,1.34829
02/09/2014,17:00,1.3483,1.36425,1.34763,1.36224
02/16/2014,17:00,1.36223,1.37235,1.35614,1.37087
02/23/2014,17:00,1.37086,1.37725,1.36848,1.37366
03/02/2014,17:00,1.37365,1.38239,1.36425,1.37786
03/09/2014,17:00,1.37787,1.39142,1.37067,1.38864
03/16/2014,17:00,1.38862,1.3966,1.3833,1.39057
03/23/2014,17:00,1.39056,1.39469,1.37485,1.38004
03/30/2014,17:00,1.38003,1.38752,1.3704,1.37461
04/06/2014,17:00,1.3746,1.38195,1.36719,1.36972
04/13/2014,17:00,1.3697,1.39047,1.36965,1.38526
04/20/2014,17:00,1.38527,1.38639,1.37895,1.381
04/27/2014,17:00,1.38103,1.38538,1.37844,1.38238
05/04/2014,17:00,1.38237,1.38885,1.37734,1.38742
05/11/2014,17:00,1.38741,1.39927,1.37444,1.37572
05/18/2014,17:00,1.3757,1.3774,1.36476,1.37032
05/25/2014,17:00,1.37033,1.37334,1.36144,1.36189
06/01/2014,17:00,1.36188,1.36679,1.35854,1.36329
06/08/2014,17:00,1.35962,1.3676,1.35023,1.3644
06/15/2014,17:00,1.36442,1.36679,1.35115,1.35407
06/22/2014,17:00,1.35408,1.36427,1.35124,1.36028
06/29/2014,17:00,1.36029,1.36505,1.35732,1.36439
07/06/2014,17:00,1.36438,1.36996,1.35802,1.35833
07/13/2014,17:00,1.35832,1.36499,1.35752,1.36026
07/20/2014,17:00,1.36025,1.36395,1.34902,1.35362
07/27/2014,17:00,1.35361,1.35483,1.34207,1.34284
08/03/2014,17:00,1.34287,1.3444,1.33661,1.34248
08/10/2014,17:00,1.34247,1.34319,1.33323,1.33994
08/17/2014,17:00,1.33995,1.34144,1.33353,1.33949
08/24/2014,17:00,1.3395,1.33975,1.31851,1.32039
08/31/2014,17:00,1.3204,1.322,1.31184,1.31189
09/07/2014,17:00,1.3119,1.31592,1.29194,1.29392
09/14/2014,17:00,1.29391,1.29786,1.28587,1.29627
09/21/2014,17:00,1.29626,1.29945,1.28253,1.28592
09/28/2014,17:00,1.28591,1.29005,1.26658,1.26784
10/05/2014,17:00,1.26783,1.27141,1.24999,1.25178
10/12/2014,17:00,1.25177,1.27905,1.25132,1.26918
10/19/2014,17:00,1.26917,1.2886,1.26239,1.27583
10/26/2014,17:00,1.27583,1.28399,1.26138,1.27054
11/02/2014,17:00,1.27055,1.27705,1.24403,1.24842
11/09/2014,17:00,1.24841,1.25772,1.23579,1.24809
11/16/2014,17:00,1.24808,1.25773,1.23946,1.25479
11/23/2014,17:00,1.2548,1.25975,1.23609,1.23967
11/30/2014,17:00,1.23968,1.25318,1.23734,1.24543
12/07/2014,17:00,1.24543,1.25066,1.22709,1.22864
12/14/2014,17:00,1.22863,1.24952,1.2247,1.24398
12/21/2014,17:00,1.24386,1.25698,1.22199,1.22412
12/28/2014,17:00,1.22411,1.22724,1.21648,1.21972
01/04/2015,17:00,1.2197,1.22208,1.18664,1.1941
01/11/2015,17:00,1.1941,1.19763,1.17541,1.1853
01/18/2015,17:00,1.1853,1.18709,1.146,1.15569
01/25/2015,17:00,1.15568,1.16802,1.10978,1.11726
02/01/2015,17:00,1.11727,1.14225,1.11723,1.13083
02/08/2015,17:00,1.13084,1.1534,1.12922,1.13344
02/15/2015,17:00,1.13345,1.14431,1.12702,1.14164
02/22/2015,17:00,1.14161,1.14501,1.12791,1.1382
03/01/2015,17:00,1.1382,1.13885,1.11599,1.11777
03/08/2015,17:00,1.11776,1.12395,1.08227,1.08377
03/15/2015,17:00,1.08376,1.09064,1.04623,1.05199
03/22/2015,17:00,1.05199,1.10385,1.04981,1.08085
03/29/2015,17:00,1.08087,1.10521,1.07673,1.08661
04/05/2015,17:00,1.0866,1.10267,1.07128,1.09849
04/12/2015,17:00,1.09848,1.10354,1.05677,1.05951
04/19/2015,17:00,1.05951,1.08486,1.05204,1.07862
04/26/2015,17:00,1.07862,1.08999,1.06598,1.08534
05/03/2015,17:00,1.08533,1.12899,1.08194,1.11893
05/10/2015,17:00,1.11893,1.13916,1.10663,1.11433
05/17/2015,17:00,1.11433,1.14667,1.1131,1.1431
05/24/2015,17:00,1.14309,1.14467,1.09651,1.09876
05/31/2015,17:00,1.09873,1.1008,1.08192,1.09499
06/07/2015,17:00,1.09499,1.13797,1.08872,1.11045
06/14/2015,17:00,1.11045,1.13863,1.10871,1.12171
06/21/2015,17:00,1.1217,1.14362,1.11891,1.13828
06/28/2015,17:00,1.13828,1.14101,1.0953,1.10149
07/05/2015,17:00,1.10145,1.12785,1.0969,1.10364
07/12/2015,17:00,1.10364,1.12158,1.09163,1.1133
07/19/2015,17:00,1.1133,1.11971,1.08204,1.08217
07/26/2015,17:00,1.08215,1.10177,1.08082,1.10044
08/02/2015,17:00,1.10044,1.11294,1.08932,1.09831
08/09/2015,17:00,1.09833,1.09958,1.0848,1.0966
08/16/2015,17:00,1.0966,1.12138,1.09251,1.10894
08/23/2015,17:00,1.10893,1.14984,1.1017,1.14553
08/30/2015,17:00,1.14554,1.1714,1.1156,1.12472
09/06/2015,17:00,1.12472,1.13319,1.10872,1.11453
09/13/2015,17:00,1.11454,1.13594,1.11213,1.1352
09/20/2015,17:00,1.13521,1.14599,1.1214,1.13195
09/27/2015,17:00,1.13195,1.13299,1.1105,1.11901
10/04/2015,17:00,1.11901,1.13183,1.11349,1.12255
10/11/2015,17:00,1.12255,1.13872,1.11719,1.13749
10/18/2015,17:00,1.13748,1.14953,1.13342,1.13602
10/25/2015,17:00,1.136,1.13869,1.09966,1.10379
11/01/2015,17:00,1.10378,1.10957,1.08967,1.10292
11/08/2015,17:00,1.10292,1.10525,1.07063,1.07685
11/15/2015,17:00,1.07685,1.08301,1.06742,1.07195
11/22/2015,17:00,1.07196,1.0763,1.06005,1.06147
11/29/2015,17:00,1.06146,1.06892,1.0566,1.05857
12/06/2015,17:00,1.05856,1.09811,1.05223,1.08627
12/13/2015,17:00,1.08627,1.10425,1.0796,1.09606
12/20/2015,17:00,1.09607,1.10594,1.08027,1.08699
12/27/2015,17:00,1.08698,1.09841,1.08478,1.0975
01/03/2016,17:00,1.0975,1.09924,1.08272,1.08793
01/10/2016,17:00,1.08794,1.09698,1.07106,1.09138
01/17/2016,17:00,1.09135,1.09845,1.08048,1.0896
01/24/2016,17:00,1.08958,1.09758,1.07777,1.0811
01/31/2016,17:00,1.08111,1.09675,1.08059,1.08479
02/07/2016,17:00,1.08481,1.12449,1.08409,1.11321
02/14/2016,17:00,1.11321,1.13765,1.10864,1.12219
02/21/2016,17:00,1.1222,1.12295,1.10667,1.11091
02/28/2016,17:00,1.11092,1.11189,1.09115,1.09338
03/06/2016,17:00,1.09338,1.10435,1.08254,1.09898
03/13/2016,17:00,1.09898,1.12179,1.08221,1.11578
03/20/2016,17:00,1.11579,1.13425,1.10578,1.12723
03/27/2016,17:00,1.12722,1.12845,1.11442,1.11631
04/03/2016,17:00,1.11631,1.14378,1.11575,1.13872
04/10/2016,17:00,1.13873,1.14538,1.13267,1.14116
04/17/2016,17:00,1.1412,1.14648,1.12337,1.12834
04/24/2016,17:00,1.12839,1.13987,1.12177,1.12441
05/01/2016,17:00,1.12442,1.14814,1.1231,1.14669
05/08/2016,17:00,1.14668,1.1616,1.138,1.14016
05/15/2016,17:00,1.14016,1.14465,1.12829,1.13068
05/22/2016,17:00,1.13069,1.13482,1.11799,1.12361
05/29/2016,17:00,1.12362,1.12392,1.10977,1.11036
06/05/2016,17:00,1.11036,1.13737,1.11005,1.13396
06/12/2016,17:00,1.13396,1.14155,1.12321,1.12524
06/19/2016,17:00,1.12526,1.13779,1.11308,1.13741
06/26/2016,17:00,1.1374,1.14283,1.09116,1.10287
07/03/2016,17:00,1.10289,1.11694,1.09706,1.11376
07/10/2016,17:00,1.11376,1.11851,1.10019,1.1054
07/17/2016,17:00,1.10541,1.11647,1.10157,1.1064
07/24/2016,17:00,1.10641,1.10841,1.09519,1.09721
07/31/2016,17:00,1.09719,1.11972,1.09607,1.11782
08/07/2016,17:00,1.11781,1.12337,1.10458,1.1103
08/14/2016,17:00,1.11031,1.12212,1.10704,1.11582
08/21/2016,17:00,1.11582,1.13662,1.11564,1.12766
08/28/2016,17:00,1.12767,1.1355,1.11773,1.12005
09/04/2016,17:00,1.12004,1.12521,1.1123,1.11665
09/11/2016,17:00,1.11664,1.13269,1.11391,1.12421
09/18/2016,17:00,1.12421,1.12837,1.11494,1.11671
09/25/2016,17:00,1.11672,1.12572,1.11229,1.12293
10/02/2016,17:00,1.12293,1.1279,1.11532,1.12338
10/09/2016,17:00,1.12337,1.12415,1.11042,1.11933
10/16/2016,17:00,1.11933,1.11951,1.09637,1.09833
10/23/2016,17:00,1.09831,1.10393,1.08593,1.08679
10/30/2016,17:00,1.08678,1.09916,1.08509,1.09685
11/06/2016,17:00,1.09685,1.11412,1.09359,1.10731
11/13/2016,17:00,1.10733,1.12991,1.07726,1.07975
11/20/2016,17:00,1.07974,1.08164,1.05689,1.0595
11/27/2016,17:00,1.05952,1.06854,1.0518,1.06583
12/04/2016,17:00,1.06581,1.06898,1.05045,1.05512
12/11/2016,17:00,1.05518,1.08732,1.05251,1.05551
12/18/2016,17:00,1.0555,1.06699,1.03664,1.0461
12/25/2016,17:00,1.04609,1.04993,1.03522,1.04589
01/01/2017,17:00,1.0459,1.06534,1.03719,1.05224
01/08/2017,17:00,1.05155,1.06214,1.03406,1.05263
01/15/2017,17:00,1.05263,1.06847,1.04537,1.0615
01/22/2017,17:00,1.06145,1.07497,1.05793,1.0737
01/29/2017,17:00,1.07369,1.07747,1.06576,1.07293
02/05/2017,17:00,1.07293,1.08287,1.06201,1.07756
02/12/2017,17:00,1.07755,1.07783,1.06076,1.06225
02/19/2017,17:00,1.06224,1.06792,1.05213,1.06183
02/26/2017,17:00,1.06183,1.06298,1.04937,1.05662
03/05/2017,17:00,1.0566,1.06305,1.04949,1.06004
03/12/2017,17:00,1.06005,1.07005,1.0525,1.06971
03/19/2017,17:00,1.06972,1.07824,1.06,1.07598
03/26/2017,17:00,1.07596,1.08496,1.0719,1.0846
04/02/2017,17:00,1.08462,1.09061,1.065,1.06787
04/09/2017,17:00,1.06788,1.06889,1.05701,1.05819
04/16/2017,17:00,1.05818,1.06776,1.05697,1.06177
04/23/2017,17:00,1.06176,1.09181,1.0615,1.08441
04/30/2017,17:00,1.08439,1.09507,1.08319,1.08931
05/07/2017,17:00,1.0893,1.10211,1.08748,1.09713
05/14/2017,17:00,1.09713,1.09965,1.08391,1.09292
05/21/2017,17:00,1.09292,1.12119,1.09259,1.11914
05/28/2017,17:00,1.11913,1.12682,1.11605,1.11644
06/04/2017,17:00,1.11642,1.1285,1.11096,1.12704
06/11/2017,17:00,1.12705,1.12837,1.11663,1.12064
06/18/2017,17:00,1.12066,1.12957,1.11319,1.11978
06/25/2017,17:00,1.11975,1.12127,1.11187,1.11962
07/02/2017,17:00,1.11961,1.14453,1.11717,1.14044
07/09/2017,17:00,1.14044,1.14399,1.13122,1.14044
07/16/2017,17:00,1.14042,1.14893,1.13705,1.14632
07/23/2017,17:00,1.14632,1.16841,1.14346,1.16716
07/30/2017,17:00,1.16716,1.17765,1.16129,1.17322
08/06/2017,17:00,1.17323,1.19101,1.1723,1.17985
08/13/2017,17:00,1.17984,1.18468,1.16888,1.18269
08/20/2017,17:00,1.18268,1.18382,1.1662,1.17545
08/27/2017,17:00,1.17545,1.19594,1.17312,1.19212
09/03/2017,17:00,1.19214,1.207,1.1823,1.18798
09/10/2017,17:00,1.18799,1.2092,1.18681,1.20139
09/17/2017,17:00,1.20139,1.20294,1.18379,1.19441
09/24/2017,17:00,1.1944,1.20329,1.18612,1.19325
10/01/2017,17:00,1.19324,1.19364,1.1717,1.1778
10/08/2017,17:00,1.17779,1.17875,1.16691,1.17363
10/15/2017,17:00,1.17362,1.18796,1.17195,1.18061
10/22/2017,17:00,1.1806,1.18579,1.17301,1.17699
10/29/2017,17:00,1.17696,1.18366,1.15743,1.16141
11/05/2017,17:00,1.16142,1.16902,1.15969,1.16095
11/12/2017,17:00,1.16094,1.16777,1.15541,1.16513
11/19/2017,17:00,1.16513,1.18606,1.16373,1.17286
11/26/2017,17:00,1.17287,1.19441,1.1713,1.19237
12/03/2017,17:00,1.19236,1.19611,1.18088,1.18708
12/10/2017,17:00,1.18706,1.18785,1.173,1.17788
12/17/2017,17:00,1.17786,1.18624,1.17175,1.17604
12/24/2017,17:00,1.17603,1.19017,1.17596,1.18597
12/31/2017,17:00,1.18678,1.20255,1.18464,1.20005
01/07/2018,17:00,1.20037,1.20889,1.20013,1.20254
01/14/2018,17:00,1.20253,1.22186,1.19156,1.221
01/21/2018,17:00,1.221,1.2323,1.21645,1.22238
01/28/2018,17:00,1.22238,1.25375,1.22138,1.24129
02/04/2018,17:00,1.2413,1.25225,1.23352,1.24589
02/11/2018,17:00,1.24592,1.24747,1.22055,1.22867
02/18/2018,17:00,1.22867,1.2555,1.22349,1.24156
02/25/2018,17:00,1.24155,1.2427,1.22597,1.23121
03/04/2018,17:00,1.2312,1.23636,1.21544,1.23214
03/11/2018,17:00,1.23213,1.24458,1.2269,1.23228
03/18/2018,17:00,1.23227,1.24124,1.22601,1.22714
03/25/2018,17:00,1.22714,1.23881,1.22392,1.23731
04/01/2018,17:00,1.23732,1.24762,1.22837,1.23182
04/08/2018,17:00,1.23181,1.23447,1.2215,1.22725
04/15/2018,17:00,1.22725,1.23958,1.22601,1.23381
04/22/2018,17:00,1.2338,1.24135,1.22497,1.22716
04/29/2018,17:00,1.22715,1.22892,1.20552,1.21246
05/06/2018,17:00,1.21248,1.21387,1.19102,1.19668
05/13/2018,17:00,1.19669,1.19684,1.18225,1.19645
05/20/2018,17:00,1.19645,1.1996,1.17441,1.17515
05/27/2018,17:00,1.17515,1.18295,1.16454,1.1716
06/03/2018,17:00,1.17157,1.17283,1.151,1.16948
06/10/2018,17:00,1.16948,1.18397,1.16524,1.17928
06/17/2018,17:00,1.17929,1.18516,1.15432,1.15904
06/24/2018,17:00,1.15904,1.16748,1.15082,1.16559
07/01/2018,17:00,1.16558,1.172,1.1527,1.16526
07/08/2018,17:00,1.16525,1.17671,1.1591,1.17633
07/15/2018,17:00,1.17632,1.17906,1.16126,1.16833
07/22/2018,17:00,1.16836,1.17498,1.15747,1.17406
07/29/2018,17:00,1.17406,1.17435,1.16202,1.1654
08/05/2018,17:00,1.1654,1.17457,1.15567,1.15635
08/12/2018,17:00,1.15635,1.16281,1.13677,1.13823
08/19/2018,17:00,1.13825,1.14446,1.13009,1.14311
08/26/2018,17:00,1.1431,1.16532,1.13941,1.16263
09/02/2018,17:00,1.16262,1.17331,1.15844,1.15986
09/09/2018,17:00,1.15988,1.1659,1.15299,1.15439
09/16/2018,17:00,1.1544,1.17215,1.1526,1.16357
09/23/2018,17:00,1.16361,1.18025,1.16177,1.17419
09/30/2018,17:00,1.1742,1.18148,1.15699,1.15961
10/07/2018,17:00,1.15962,1.16243,1.14632,1.15124
10/14/2018,17:00,1.15124,1.16104,1.14322,1.15471
10/21/2018,17:00,1.15471,1.1621,1.1433,1.15145
10/28/2018,17:00,1.15144,1.15499,1.13355,1.13943
11/04/2018,17:00,1.13943,1.14557,1.13018,1.13845
11/11/2018,17:00,1.13846,1.14996,1.13128,1.13229
11/18/2018,17:00,1.1323,1.14209,1.12154,1.13977
11/25/2018,17:00,1.13976,1.14723,1.13262,1.13456
12/02/2018,17:00,1.13456,1.14014,1.1267,1.13497
12/09/2018,17:00,1.13501,1.14425,1.13105,1.14281
12/16/2018,17:00,1.14282,1.14398,1.12696,1.13093
12/23/2018,17:00,1.13093,1.14859,1.13061,1.13918
12/30/2018,17:00,1.13917,1.14727,1.13428,1.14223
01/06/2019,17:00,1.14222,1.14967,1.13092,1.14203
01/13/2019,17:00,1.14203,1.15697,1.141,1.14757
01/20/2019,17:00,1.14761,1.14896,1.13532,1.13786
01/27/2019,17:00,1.13786,1.14256,1.12892,1.14189
02/03/2019,17:00,1.14189,1.15141,1.139,1.14424
02/10/2019,17:00,1.14424,1.14542,1.13148,1.13194
02/17/2019,17:00,1.13194,1.13414,1.1234,1.1312
02/24/2019,17:00,1.13119,1.13711,1.12755,1.13398
03/03/2019,17:00,1.13398,1.14197,1.13367,1.13644
03/10/2019,17:00,1.13645,1.13691,1.11764,1.12334
03/17/2019,17:00,1.12333,1.13443,1.12217,1.13363
03/24/2019,17:00,1.13363,1.1448,1.12732,1.1298
03/31/2019,17:00,1.12981,1.13314,1.12098,1.12319
04/07/2019,17:00,1.12321,1.12547,1.11836,1.12292
04/14/2019,17:00,1.12291,1.13239,1.12215,1.1311
04/21/2019,17:00,1.13111,1.13237,1.12261,1.12367
04/28/2019,17:00,1.12366,1.1262,1.11111,1.11577
05/05/2019,17:00,1.11576,1.12647,1.1135,1.11936
05/12/2019,17:00,1.11935,1.12536,1.11666,1.12296
05/19/2019,17:00,1.12297,1.12635,1.11531,1.11538
05/26/2019,17:00,1.11539,1.12151,1.1107,1.12139
06/02/2019,17:00,1.11938,1.11995,1.1116,1.11846
06/09/2019,17:00,1.11846,1.13477,1.11601,1.13109
06/16/2019,17:00,1.13108,1.13434,1.12024,1.12201
06/23/2019,17:00,1.12201,1.13862,1.11813,1.1381
06/30/2019,17:00,1.13809,1.14119,1.13442,1.13526
07/07/2019,17:00,1.13526,1.13601,1.12073,1.12282
07/14/2019,17:00,1.12281,1.12857,1.11933,1.12723
07/21/2019,17:00,1.12723,1.12838,1.11997,1.1218
07/28/2019,17:00,1.12179,1.12253,1.11013,1.11288
08/04/2019,17:00,1.11288,1.1162,1.10268,1.11255
08/11/2019,17:00,1.11255,1.12497,1.1114,1.12059
08/18/2019,17:00,1.12059,1.12306,1.10662,1.10909
08/25/2019,17:00,1.10909,1.11639,1.10516,1.11412
09/01/2019,17:00,1.11412,1.11529,1.09632,1.09901
09/08/2019,17:00,1.099,1.10847,1.0926,1.10271
09/15/2019,17:00,1.1027,1.11094,1.09268,1.10706
09/22/2019,17:00,1.10706,1.10822,1.09901,1.10224
09/29/2019,17:00,1.10224,1.10253,1.09046,1.09325
10/06/2019,17:00,1.09325,1.09992,1.0879,1.09799
10/13/2019,17:00,1.09799,1.10626,1.09409,1.10312
10/20/2019,17:00,1.1031,1.11719,1.09912,1.11598
10/27/2019,17:00,1.11599,1.11793,1.10729,1.10827
11/03/2019,17:00,1.10827,1.11755,1.10735,1.11695
11/10/2019,17:00,1.11695,1.11753,1.10163,1.10237
11/17/2019,17:00,1.10238,1.10645,1.0989,1.1061
11/24/2019,17:00,1.1061,1.10969,1.10143,1.10222
12/01/2019,17:00,1.10219,1.10321,1.09811,1.10186
12/08/2019,17:00,1.10185,1.11161,1.10029,1.10566
12/15/2019,17:00,1.10566,1.11995,1.10551,1.11327
12/22/2019,17:00,1.11328,1.11746,1.10662,1.10783
12/29/2019,17:00,1.10783,1.12108,1.1069,1.11966
01/05/2020,17:00,1.11966,1.12391,1.11249,1.11642
01/12/2020,17:00,1.11644,1.12055,1.1085,1.11272
01/19/2020,17:00,1.11272,1.11727,1.10862,1.10965
01/26/2020,17:00,1.10965,1.11179,1.10195,1.10277
02/02/2020,17:00,1.10276,1.10954,1.09923,1.10817
02/09/2020,17:00,1.10818,1.10862,1.09419,1.09567
02/16/2020,17:00,1.09568,1.09574,1.08271,1.08376
02/23/2020,17:00,1.08379,1.08635,1.07778,1.08211
03/01/2020,17:00,1.0821,1.10739,1.0805,1.10527
03/08/2020,17:00,1.10527,1.14954,1.10382,1.14011
03/15/2020,17:00,1.1401,1.14844,1.1055,1.11333
03/22/2020,17:00,1.11331,1.12366,1.06357,1.07354
03/29/2020,17:00,1.07358,1.11473,1.06664,1.10803
04/05/2020,17:00,1.10803,1.1106,1.07727,1.08147
04/12/2020,17:00,1.08148,1.09524,1.07683,1.09333
04/19/2020,17:00,1.09333,1.09907,1.08119,1.08609
04/26/2020,17:00,1.0861,1.08967,1.07271,1.08317
05/03/2020,17:00,1.08317,1.10187,1.08097,1.09425
05/10/2020,17:00,1.09424,1.09489,1.07665,1.08471
05/17/2020,17:00,1.08472,1.08965,1.07748,1.08237
05/24/2020,17:00,1.08236,1.10083,1.07999,1.08895
05/31/2020,17:00,1.08896,1.11451,1.08706,1.11329
06/07/2020,17:00,1.11329,1.13836,1.11004,1.12896
06/14/2020,17:00,1.12897,1.14224,1.12125,1.12633
06/21/2020,17:00,1.12635,1.13532,1.1168,1.11922
06/28/2020,17:00,1.11921,1.13486,1.1188,1.12394
07/05/2020,17:00,1.12395,1.13026,1.11848,1.12826
07/12/2020,17:00,1.12827,1.13706,1.12547,1.13266
07/19/2020,17:00,1.13266,1.1452,1.13008,1.14184
07/26/2020,17:00,1.14187,1.1725,1.14023,1.17106
08/02/2020,17:00,1.17106,1.19087,1.16818,1.17728
08/09/2020,17:00,1.17727,1.1916,1.16959,1.1795
08/16/2020,17:00,1.1795,1.18675,1.1711,1.18599
08/23/2020,17:00,1.18599,1.19656,1.17541,1.17877
08/30/2020,17:00,1.17876,1.19295,1.17623,1.19112
09/06/2020,17:00,1.1911,1.20113,1.17809,1.18364
09/13/2020,17:00,1.18366,1.19175,1.17527,1.18473
09/20/2020,17:00,1.18473,1.19005,1.17373,1.18672
09/27/2020,17:00,1.18671,1.18717,1.16121,1.16355
10/04/2020,17:00,1.16356,1.17696,1.16225,1.17281
10/11/2020,17:00,1.17281,1.1831,1.17198,1.18168
10/18/2020,17:00,1.18169,1.18266,1.16884,1.17064
10/25/2020,17:00,1.17065,1.18807,1.17031,1.18329
11/01/2020,17:00,1.18327,1.18474,1.163,1.1631
11/08/2020,17:00,1.16309,1.18952,1.16026,1.18867
11/15/2020,17:00,1.18867,1.19199,1.17454,1.18516
11/22/2020,17:00,1.18516,1.18937,1.18141,1.18731
11/29/2020,17:00,1.1873,1.1974,1.17997,1.1968
12/06/2020,17:00,1.19372,1.21773,1.19353,1.21326
12/13/2020,17:00,1.21326,1.21662,1.20587,1.2133
12/20/2020,17:00,1.21331,1.22726,1.2121,1.21908
12/27/2020,17:00,1.21908,1.2257,1.21296,1.22102
01/03/2021,17:00,1.22102,1.23101,1.21913,1.22488
01/10/2021,17:00,1.22489,1.23494,1.21666,1.21738
01/17/2021,17:00,1.21739,1.22227,1.20649,1.207
01/24/2021,17:00,1.20701,1.21894,1.20535,1.2176
01/31/2021,17:00,1.2176,1.21832,1.20585,1.21275
02/07/2021,17:00,1.21276,1.21326,1.19522,1.20345
02/14/2021,17:00,1.20346,1.21494,1.20196,1.21321
02/21/2021,17:00,1.2132,1.21693,1.20232,1.21205
02/28/2021,17:00,1.21206,1.22433,1.20621,1.20774
03/07/2021,17:00,1.20776,1.21132,1.18932,1.19057
03/14/2021,17:00,1.19056,1.19899,1.18355,1.19431
03/21/2021,17:00,1.19429,1.19888,1.18708,1.18934
03/28/2021,17:00,1.18933,1.19468,1.17617,1.17862
04/04/2021,17:00,1.17861,1.17939,1.1704,1.17699
04/11/2021,17:00,1.17701,1.19274,1.17379,1.18924
04/18/2021,17:00,1.18926,1.19946,1.1871,1.1956
04/25/2021,17:00,1.19561,1.21167,1.19552,1.21101
05/02/2021,17:00,1.21101,1.21498,1.20165,1.20223
05/09/2021,17:00,1.20224,1.21769,1.19859,1.21548
05/16/2021,17:00,1.21549,1.21815,1.20514,1.21315
05/23/2021,17:00,1.21316,1.22451,1.21259,1.21813
05/30/2021,17:00,1.21813,1.22664,1.21325,1.21988
06/06/2021,17:00,1.22325,1.22542,1.21039,1.21674
06/13/2021,17:00,1.21672,1.22179,1.20925,1.20996
06/20/2021,17:00,1.20994,1.21473,1.18472,1.1856
06/27/2021,17:00,1.18561,1.19751,1.18511,1.19248
07/04/2021,17:00,1.19246,1.19444,1.1807,1.1853
07/11/2021,17:00,1.1853,1.18951,1.17815,1.18692
07/18/2021,17:00,1.1869,1.18797,1.17717,1.18045
07/25/2021,17:00,1.18047,1.18304,1.17518,1.17785
08/01/2021,17:00,1.17787,1.19085,1.17669,1.18712
08/08/2021,17:00,1.18713,1.18996,1.17422,1.17591
08/15/2021,17:00,1.1759,1.18045,1.17059,1.179
08/22/2021,17:00,1.17899,1.17941,1.16638,1.172
08/29/2021,17:00,1.172,1.18097,1.17063,1.18038
09/05/2021,17:00,1.18038,1.1909,1.17827,1.18678
09/12/2021,17:00,1.18679,1.18851,1.18019,1.18048
09/19/2021,17:00,1.18049,1.18458,1.17097,1.17106
09/26/2021,17:00,1.17106,1.17555,1.16834,1.17221
10/03/2021,17:00,1.17221,1.17247,1.15624,1.15891
10/10/2021,17:00,1.15894,1.164,1.15291,1.15722
10/17/2021,17:00,1.1572,1.16242,1.15242,1.15818
10/24/2021,17:00,1.15818,1.16693,1.15717,1.16638
10/31/2021,17:00,1.16637,1.16921,1.1535,1.15513
11/07/2021,17:00,1.15516,1.16164,1.15132,1.1561
11/14/2021,17:00,1.15609,1.16087,1.14328,1.14555
11/21/2021,17:00,1.14556,1.1463,1.12499,1.1278
11/28/2021,17:00,1.12781,1.13301,1.11859,1.12727
12/05/2021,17:00,1.12726,1.13828,1.12349,1.12878
12/12/2021,17:00,1.12881,1.13547,1.12275,1.12946
12/19/2021,17:00,1.12943,1.13603,1.12215,1.12492
12/26/2021,17:00,1.12492,1.13433,1.12471,1.13186
01/02/2022,17:00,1.13186,1.13863,1.12737,1.13686
